use LiveJournalDB;

# Users

INSERT INTO Users(username,userID) VALUES ('bgot0',1);
INSERT INTO Users(username,userID) VALUES ('nlambden1',2);
INSERT INTO Users(username,userID) VALUES ('rdomerq2',3);
INSERT INTO Users(username,userID) VALUES ('adiess3',4);
INSERT INTO Users(username,userID) VALUES ('lbehneke4',5);
INSERT INTO Users(username,userID) VALUES ('fmcpike5',6);
INSERT INTO Users(username,userID) VALUES ('nbeckham6',7);
INSERT INTO Users(username,userID) VALUES ('tcruddace7',8);
INSERT INTO Users(username,userID) VALUES ('thumberston8',9);
INSERT INTO Users(username,userID) VALUES ('cburkett9',10);
INSERT INTO Users(username,userID) VALUES ('whannuma',11);
INSERT INTO Users(username,userID) VALUES ('tvanderplasb',12);
INSERT INTO Users(username,userID) VALUES ('npenricec',13);
INSERT INTO Users(username,userID) VALUES ('dmortimerd',14);
INSERT INTO Users(username,userID) VALUES ('cmousere',15);
INSERT INTO Users(username,userID) VALUES ('bsperryf',16);
INSERT INTO Users(username,userID) VALUES ('fbowellg',17);
INSERT INTO Users(username,userID) VALUES ('ewaslingh',18);
INSERT INTO Users(username,userID) VALUES ('bmoylei',19);
INSERT INTO Users(username,userID) VALUES ('ltebbuttj',20);
INSERT INTO Users(username,userID) VALUES ('mlathek',21);
INSERT INTO Users(username,userID) VALUES ('dpalumbol',22);
INSERT INTO Users(username,userID) VALUES ('tskacem',23);
INSERT INTO Users(username,userID) VALUES ('cdruhann',24);
INSERT INTO Users(username,userID) VALUES ('zdeelyo',25);
INSERT INTO Users(username,userID) VALUES ('sadamecp',26);
INSERT INTO Users(username,userID) VALUES ('jcostainq',27);
INSERT INTO Users(username,userID) VALUES ('nmcpaiker',28);
INSERT INTO Users(username,userID) VALUES ('dproskes',29);
INSERT INTO Users(username,userID) VALUES ('caymericht',30);
INSERT INTO Users(username,userID) VALUES ('acohru',31);
INSERT INTO Users(username,userID) VALUES ('bcrosoerv',32);
INSERT INTO Users(username,userID) VALUES ('calderwickw',33);
INSERT INTO Users(username,userID) VALUES ('cabotsonx',34);
INSERT INTO Users(username,userID) VALUES ('mmayberryy',35);
INSERT INTO Users(username,userID) VALUES ('mgreatexz',36);
INSERT INTO Users(username,userID) VALUES ('pdensham10',37);
INSERT INTO Users(username,userID) VALUES ('smarryatt11',38);
INSERT INTO Users(username,userID) VALUES ('fwhiteson12',39);
INSERT INTO Users(username,userID) VALUES ('mkinson13',40);
INSERT INTO Users(username,userID) VALUES ('gbandy14',41);
INSERT INTO Users(username,userID) VALUES ('bragless15',42);
INSERT INTO Users(username,userID) VALUES ('mhegg16',43);
INSERT INTO Users(username,userID) VALUES ('jdecruse17',44);
INSERT INTO Users(username,userID) VALUES ('jfanshaw18',45);
INSERT INTO Users(username,userID) VALUES ('wjacobson19',46);
INSERT INTO Users(username,userID) VALUES ('esinclaire1a',47);
INSERT INTO Users(username,userID) VALUES ('dbuffham1b',48);
INSERT INTO Users(username,userID) VALUES ('alurner1c',49);
INSERT INTO Users(username,userID) VALUES ('kbrann1d',50);

# Follows

INSERT INTO Follows(friend,followerUserID,influencerUserID) VALUES (0,3,2);
INSERT INTO Follows(friend,followerUserID,influencerUserID) VALUES (1,26,42);
INSERT INTO Follows(friend,followerUserID,influencerUserID) VALUES (1,19,39);
INSERT INTO Follows(friend,followerUserID,influencerUserID) VALUES (0,18,27);
INSERT INTO Follows(friend,followerUserID,influencerUserID) VALUES (1,25,5);
INSERT INTO Follows(friend,followerUserID,influencerUserID) VALUES (1,39,23);
INSERT INTO Follows(friend,followerUserID,influencerUserID) VALUES (1,34,8);
INSERT INTO Follows(friend,followerUserID,influencerUserID) VALUES (1,32,29);
INSERT INTO Follows(friend,followerUserID,influencerUserID) VALUES (0,2,1);
INSERT INTO Follows(friend,followerUserID,influencerUserID) VALUES (0,49,23);
INSERT INTO Follows(friend,followerUserID,influencerUserID) VALUES (0,44,31);
INSERT INTO Follows(friend,followerUserID,influencerUserID) VALUES (0,12,13);
INSERT INTO Follows(friend,followerUserID,influencerUserID) VALUES (1,25,15);
INSERT INTO Follows(friend,followerUserID,influencerUserID) VALUES (0,38,9);
INSERT INTO Follows(friend,followerUserID,influencerUserID) VALUES (0,44,42);
INSERT INTO Follows(friend,followerUserID,influencerUserID) VALUES (1,24,40);
INSERT INTO Follows(friend,followerUserID,influencerUserID) VALUES (1,35,33);
INSERT INTO Follows(friend,followerUserID,influencerUserID) VALUES (0,14,46);
INSERT INTO Follows(friend,followerUserID,influencerUserID) VALUES (0,9,22);
INSERT INTO Follows(friend,followerUserID,influencerUserID) VALUES (0,3,33);
INSERT INTO Follows(friend,followerUserID,influencerUserID) VALUES (0,1,36);
INSERT INTO Follows(friend,followerUserID,influencerUserID) VALUES (0,50,50);
INSERT INTO Follows(friend,followerUserID,influencerUserID) VALUES (1,35,3);
INSERT INTO Follows(friend,followerUserID,influencerUserID) VALUES (0,47,6);
INSERT INTO Follows(friend,followerUserID,influencerUserID) VALUES (1,16,33);
INSERT INTO Follows(friend,followerUserID,influencerUserID) VALUES (1,6,14);
INSERT INTO Follows(friend,followerUserID,influencerUserID) VALUES (1,3,23);
INSERT INTO Follows(friend,followerUserID,influencerUserID) VALUES (0,49,30);
INSERT INTO Follows(friend,followerUserID,influencerUserID) VALUES (1,18,12);
INSERT INTO Follows(friend,followerUserID,influencerUserID) VALUES (0,22,3);
INSERT INTO Follows(friend,followerUserID,influencerUserID) VALUES (0,14,23);
INSERT INTO Follows(friend,followerUserID,influencerUserID) VALUES (1,7,45);
INSERT INTO Follows(friend,followerUserID,influencerUserID) VALUES (1,46,7);
INSERT INTO Follows(friend,followerUserID,influencerUserID) VALUES (0,1,50);
INSERT INTO Follows(friend,followerUserID,influencerUserID) VALUES (1,37,45);
INSERT INTO Follows(friend,followerUserID,influencerUserID) VALUES (0,30,34);
INSERT INTO Follows(friend,followerUserID,influencerUserID) VALUES (0,49,9);
INSERT INTO Follows(friend,followerUserID,influencerUserID) VALUES (0,9,13);
INSERT INTO Follows(friend,followerUserID,influencerUserID) VALUES (1,24,13);
INSERT INTO Follows(friend,followerUserID,influencerUserID) VALUES (1,31,16);
INSERT INTO Follows(friend,followerUserID,influencerUserID) VALUES (0,23,23);
INSERT INTO Follows(friend,followerUserID,influencerUserID) VALUES (0,10,39);
INSERT INTO Follows(friend,followerUserID,influencerUserID) VALUES (0,43,32);
INSERT INTO Follows(friend,followerUserID,influencerUserID) VALUES (1,22,18);
INSERT INTO Follows(friend,followerUserID,influencerUserID) VALUES (0,11,24);
INSERT INTO Follows(friend,followerUserID,influencerUserID) VALUES (1,42,21);
INSERT INTO Follows(friend,followerUserID,influencerUserID) VALUES (1,17,4);
INSERT INTO Follows(friend,followerUserID,influencerUserID) VALUES (0,3,38);
INSERT INTO Follows(friend,followerUserID,influencerUserID) VALUES (1,14,30);
INSERT INTO Follows(friend,followerUserID,influencerUserID) VALUES (1,45,48);

# Posts

INSERT INTO Posts(likes,views,content,userID,postID, PostedOn) VALUES (5368,5759,'Suspendisse accumsan tortor quis turpis. Sed ante.',1,1,'2023-02-26 18:50:07');
INSERT INTO Posts(likes,views,content,userID,postID, PostedOn) VALUES (1171,9968,'Ut at dolor quis odio consequat varius.',12,2,'2022-11-03 07:14:13');
INSERT INTO Posts(likes,views,content,userID,postID, PostedOn) VALUES (3739,7140,'Aliquam augue quam, sollicitudin vitae, consectetuer eget, rutrum at, lorem. Integer tincidunt ante vel ipsum. Praesent blandit lacinia erat.',27,3,'2023-02-26 18:50:07');
INSERT INTO Posts(likes,views,content,userID,postID, PostedOn) VALUES (7762,1049,'Nunc rhoncus dui vel sem. Sed sagittis.',43,4,'2022-11-03 07:14:13');
INSERT INTO Posts(likes,views,content,userID,postID, PostedOn) VALUES (5602,7361,'Etiam pretium iaculis justo. In hac habitasse platea dictumst.',39,5,'2022-11-03 07:14:13');
INSERT INTO Posts(likes,views,content,userID,postID, PostedOn) VALUES (992,6755,'Aenean auctor gravida sem.',24,6,'2021-03-23 08:11:13');
INSERT INTO Posts(likes,views,content,userID,postID, PostedOn) VALUES (3256,9220,'Nam nulla.',22,7,'2023-02-25 00:14:13');
INSERT INTO Posts(likes,views,content,userID,postID, PostedOn) VALUES (1423,7690,'Integer a nibh. In quis justo.',41,8,'2020-12-25 12:14:13');
INSERT INTO Posts(likes,views,content,userID,postID, PostedOn) VALUES (6301,8157,'Sed ante.',7,9,'2023-02-25 00:14:13');
INSERT INTO Posts(likes,views,content,userID,postID, PostedOn) VALUES (9370,5397,'Duis at velit eu est congue elementum. In hac habitasse platea dictumst.',46,10,'2023-02-26 18:50:07');
INSERT INTO Posts(likes,views,content,userID,postID, PostedOn) VALUES (4686,4896,'Sed ante. Vivamus tortor.',33,11,'2021-03-23 08:11:13');
INSERT INTO Posts(likes,views,content,userID,postID, PostedOn) VALUES (2979,3356,'Maecenas ut massa quis augue luctus tincidunt.',17,12,'2022-11-03 07:14:13');
INSERT INTO Posts(likes,views,content,userID,postID, PostedOn) VALUES (9012,690,'Etiam faucibus cursus urna. Ut tellus. Nulla ut erat id mauris vulputate elementum.',5,13,'2021-03-23 08:11:13');
INSERT INTO Posts(likes,views,content,userID,postID, PostedOn) VALUES (4416,2040,'Maecenas tristique, est et tempus semper, est quam pharetra magna, ac consequat metus sapien ut nunc. Vestibulum ante ipsum primis in faucibus orci luctus et ultrices posuere cubilia Curae; Mauris viverra diam vitae quam. Suspendisse potenti.',20,14,'2020-12-25 12:14:13');
INSERT INTO Posts(likes,views,content,userID,postID, PostedOn) VALUES (3755,7213,'Quisque porta volutpat erat. Quisque erat eros, viverra eget, congue eget, semper rutrum, nulla.',45,15,'2023-02-26 18:50:07');
INSERT INTO Posts(likes,views,content,userID,postID, PostedOn) VALUES (5398,9175,'Praesent blandit.',35,16,'2022-03-24 10:14:13');
INSERT INTO Posts(likes,views,content,userID,postID, PostedOn) VALUES (1949,5570,'Cras in purus eu magna vulputate luctus. Cum sociis natoque penatibus et magnis dis parturient montes, nascetur ridiculus mus. Vivamus vestibulum sagittis sapien.',38,17,'2022-04-05 14:51:17');
INSERT INTO Posts(likes,views,content,userID,postID, PostedOn) VALUES (5701,7085,'Aenean fermentum. Donec ut mauris eget massa tempor convallis.',29,18,'2020-12-25 12:14:13');
INSERT INTO Posts(likes,views,content,userID,postID, PostedOn) VALUES (1080,5945,'Duis bibendum. Morbi non quam nec dui luctus rutrum.',14,19,'2022-03-24 10:14:13');
INSERT INTO Posts(likes,views,content,userID,postID, PostedOn) VALUES (9219,6939,'Fusce posuere felis sed lacus.',42,20,'2022-11-03 07:14:13');
INSERT INTO Posts(likes,views,content,userID,postID, PostedOn) VALUES (7328,5233,'Phasellus in felis. Donec semper sapien a libero. Nam dui.',36,21,'2020-12-25 12:14:13');
INSERT INTO Posts(likes,views,content,userID,postID, PostedOn) VALUES (3318,4664,'Nullam porttitor lacus at turpis.',50,22,'2021-03-23 08:11:13');
INSERT INTO Posts(likes,views,content,userID,postID, PostedOn) VALUES (7343,8316,'Cras in purus eu magna vulputate luctus. Cum sociis natoque penatibus et magnis dis parturient montes, nascetur ridiculus mus.',47,23,'2022-08-23 02:11:13');
INSERT INTO Posts(likes,views,content,userID,postID, PostedOn) VALUES (6,3109,'Vestibulum rutrum rutrum neque.',25,24,'2022-06-23 02:11:13');
INSERT INTO Posts(likes,views,content,userID,postID, PostedOn) VALUES (9017,4396,'Donec posuere metus vitae ipsum. Aliquam non mauris. Morbi non lectus.',44,25,'2023-02-26 18:50:07');
INSERT INTO Posts(likes,views,content,userID,postID, PostedOn) VALUES (32,1107,'Sed accumsan felis. Ut at dolor quis odio consequat varius.',3,26,'2023-07-23 02:11:13');
INSERT INTO Posts(likes,views,content,userID,postID, PostedOn) VALUES (5373,1404,'Nulla tempus. Vivamus in felis eu sapien cursus vestibulum.',49,27,'2023-09-23 03:11:13');
INSERT INTO Posts(likes,views,content,userID,postID, PostedOn) VALUES (9195,5299,'Proin interdum mauris non ligula pellentesque ultrices.',31,28,'2023-08-23 06:11:14');
INSERT INTO Posts(likes,views,content,userID,postID, PostedOn) VALUES (3885,8027,'Nam nulla. Integer pede justo, lacinia eget, tincidunt eget, tempus vel, pede.',9,29,'2022-07-23 02:11:13');
INSERT INTO Posts(likes,views,content,userID,postID, PostedOn) VALUES (7884,168,'Etiam pretium iaculis justo. In hac habitasse platea dictumst. Etiam faucibus cursus urna.',15,30,'2021-07-23 02:11:13');
INSERT INTO Posts(likes,views,content,userID,postID, PostedOn) VALUES (6960,4163,'Quisque porta volutpat erat. Quisque erat eros, viverra eget, congue eget, semper rutrum, nulla.',11,31,'2023-02-26 18:50:07');
INSERT INTO Posts(likes,views,content,userID,postID, PostedOn) VALUES (1249,4526,'Morbi porttitor lorem id ligula. Suspendisse ornare consequat lectus. In est risus, auctor sed, tristique in, tempus sit amet, sem.',16,32,'2023-07-23 02:11:13');
INSERT INTO Posts(likes,views,content,userID,postID, PostedOn) VALUES (8957,5274,'Morbi vel lectus in quam fringilla rhoncus. Mauris enim leo, rhoncus sed, vestibulum sit amet, cursus id, turpis. Integer aliquet, massa id lobortis convallis, tortor risus dapibus augue, vel accumsan tellus nisi eu orci.',28,33,'2021-11-22 01:10:13');
INSERT INTO Posts(likes,views,content,userID,postID, PostedOn) VALUES (5476,2407,'Nam ultrices, libero non mattis pulvinar, nulla pede ullamcorper augue, a suscipit nulla elit ac nulla. Sed vel enim sit amet nunc viverra dapibus.',48,34,'2021-11-21 01:10:10');
INSERT INTO Posts(likes,views,content,userID,postID, PostedOn) VALUES (5056,7720,'Aliquam quis turpis eget elit sodales scelerisque. Mauris sit amet eros. Suspendisse accumsan tortor quis turpis.',13,35,'2022-10-01 12:15:14');
INSERT INTO Posts(likes,views,content,userID,postID, PostedOn) VALUES (3062,6783,'Vivamus tortor.',4,36,'2023-01-10 10:06:04');
INSERT INTO Posts(likes,views,content,userID,postID, PostedOn) VALUES (7034,9405,'Nulla ac enim. In tempor, turpis nec euismod scelerisque, quam turpis adipiscing lorem, vitae mattis nibh ligula nec sem.',32,37,'2023-02-26 18:50:07');
INSERT INTO Posts(likes,views,content,userID,postID, PostedOn) VALUES (3036,9420,'In sagittis dui vel nisl.',23,38,'2021-03-10 13:10:06');
INSERT INTO Posts(likes,views,content,userID,postID, PostedOn) VALUES (75,2032,'Duis aliquam convallis nunc. Proin at turpis a pede posuere nonummy.',2,39,'2021-8-20 10:20:10');
INSERT INTO Posts(likes,views,content,userID,postID, PostedOn) VALUES (2706,8505,'In hac habitasse platea dictumst. Maecenas ut massa quis augue luctus tincidunt. Nulla mollis molestie lorem.',19,40,'2023-10-01 10:10:10');
INSERT INTO Posts(likes,views,content,userID,postID, PostedOn) VALUES (4643,6257,'Etiam pretium iaculis justo. In hac habitasse platea dictumst. Etiam faucibus cursus urna.',10,41,'2023-04-19 17:06:07');
INSERT INTO Posts(likes,views,content,userID,postID, PostedOn) VALUES (3668,4897,'Donec posuere metus vitae ipsum. Aliquam non mauris.',6,42,'2022-09-08 19:06:07');
INSERT INTO Posts(likes,views,content,userID,postID, PostedOn) VALUES (7357,436,'Nulla facilisi. Cras non velit nec nisi vulputate nonummy. Maecenas tincidunt lacus at velit.',40,43,'2022-06-09 05:06:07');
INSERT INTO Posts(likes,views,content,userID,postID, PostedOn) VALUES (7780,8945,'Nam dui. Proin leo odio, porttitor id, consequat in, consequat ut, nulla. Sed accumsan felis.',34,44,'2021-05-09 18:06:07');
INSERT INTO Posts(likes,views,content,userID,postID, PostedOn) VALUES (4689,4902,'Integer ac neque.',37,45,'2022-04-07 17:06:07');
INSERT INTO Posts(likes,views,content,userID,postID, PostedOn) VALUES (6080,4024,'Morbi a ipsum. Integer a nibh. In quis justo.',26,46,'2022-05-09 18:06:07');
INSERT INTO Posts(likes,views,content,userID,postID, PostedOn) VALUES (6541,5375,'Lorem ipsum dolor sit amet, consectetuer adipiscing elit. Proin risus.',21,47,'2023-02-26 18:50:07');
INSERT INTO Posts(likes,views,content,userID,postID, PostedOn) VALUES (8038,988,'Proin at turpis a pede posuere nonummy.',18,48,'2021-04-6 17:10:07');
INSERT INTO Posts(likes,views,content,userID,postID, PostedOn) VALUES (8113,5742,'Morbi sem mauris, laoreet ut, rhoncus aliquet, pulvinar sed, nisl. Nunc rhoncus dui vel sem.',8,49,'2022-04-07 17:06:07');
INSERT INTO Posts(likes,views,content,userID,postID, PostedOn) VALUES (2768,7102,'Nulla facilisi. Cras non velit nec nisi vulputate nonummy.',30,50,'2022-04-06 17:06:07');

# PostLikes

INSERT INTO PostLikes(postID,userID) VALUES (11,12);
INSERT INTO PostLikes(postID,userID) VALUES (21,7);
INSERT INTO PostLikes(postID,userID) VALUES (1,41);
INSERT INTO PostLikes(postID,userID) VALUES (39,45);
INSERT INTO PostLikes(postID,userID) VALUES (8,35);
INSERT INTO PostLikes(postID,userID) VALUES (48,2);
INSERT INTO PostLikes(postID,userID) VALUES (27,47);
INSERT INTO PostLikes(postID,userID) VALUES (4,26);
INSERT INTO PostLikes(postID,userID) VALUES (15,9);
INSERT INTO PostLikes(postID,userID) VALUES (29,19);
INSERT INTO PostLikes(postID,userID) VALUES (23,36);
INSERT INTO PostLikes(postID,userID) VALUES (12,18);
INSERT INTO PostLikes(postID,userID) VALUES (9,14);
INSERT INTO PostLikes(postID,userID) VALUES (2,46);
INSERT INTO PostLikes(postID,userID) VALUES (3,8);
INSERT INTO PostLikes(postID,userID) VALUES (19,40);
INSERT INTO PostLikes(postID,userID) VALUES (18,21);
INSERT INTO PostLikes(postID,userID) VALUES (31,32);
INSERT INTO PostLikes(postID,userID) VALUES (28,10);
INSERT INTO PostLikes(postID,userID) VALUES (40,33);
INSERT INTO PostLikes(postID,userID) VALUES (38,25);
INSERT INTO PostLikes(postID,userID) VALUES (42,16);
INSERT INTO PostLikes(postID,userID) VALUES (37,39);
INSERT INTO PostLikes(postID,userID) VALUES (10,23);
INSERT INTO PostLikes(postID,userID) VALUES (49,13);
INSERT INTO PostLikes(postID,userID) VALUES (45,11);
INSERT INTO PostLikes(postID,userID) VALUES (5,4);
INSERT INTO PostLikes(postID,userID) VALUES (25,30);
INSERT INTO PostLikes(postID,userID) VALUES (32,17);
INSERT INTO PostLikes(postID,userID) VALUES (30,44);
INSERT INTO PostLikes(postID,userID) VALUES (26,15);
INSERT INTO PostLikes(postID,userID) VALUES (33,5);
INSERT INTO PostLikes(postID,userID) VALUES (17,6);
INSERT INTO PostLikes(postID,userID) VALUES (46,34);
INSERT INTO PostLikes(postID,userID) VALUES (35,22);
INSERT INTO PostLikes(postID,userID) VALUES (16,24);
INSERT INTO PostLikes(postID,userID) VALUES (6,28);
INSERT INTO PostLikes(postID,userID) VALUES (24,48);
INSERT INTO PostLikes(postID,userID) VALUES (36,49);
INSERT INTO PostLikes(postID,userID) VALUES (47,29);
INSERT INTO PostLikes(postID,userID) VALUES (44,3);
INSERT INTO PostLikes(postID,userID) VALUES (14,50);
INSERT INTO PostLikes(postID,userID) VALUES (20,31);
INSERT INTO PostLikes(postID,userID) VALUES (50,37);
INSERT INTO PostLikes(postID,userID) VALUES (22,20);
INSERT INTO PostLikes(postID,userID) VALUES (43,43);
INSERT INTO PostLikes(postID,userID) VALUES (13,38);
INSERT INTO PostLikes(postID,userID) VALUES (34,27);
INSERT INTO PostLikes(postID,userID) VALUES (7,42);
INSERT INTO PostLikes(postID,userID) VALUES (41,1);

# PostReactions

INSERT INTO PostReactions(reaction,postID,userID) VALUES (':)',11,48);
INSERT INTO PostReactions(reaction,postID,userID) VALUES ('D:',38,32);
INSERT INTO PostReactions(reaction,postID,userID) VALUES (':)',29,41);
INSERT INTO PostReactions(reaction,postID,userID) VALUES (':(',33,49);
INSERT INTO PostReactions(reaction,postID,userID) VALUES (':)',3,20);
INSERT INTO PostReactions(reaction,postID,userID) VALUES (':)',17,40);
INSERT INTO PostReactions(reaction,postID,userID) VALUES (':(',8,31);
INSERT INTO PostReactions(reaction,postID,userID) VALUES (':)',44,1);
INSERT INTO PostReactions(reaction,postID,userID) VALUES (';)',14,26);
INSERT INTO PostReactions(reaction,postID,userID) VALUES (':)',12,20);
INSERT INTO PostReactions(reaction,postID,userID) VALUES (';)',34,16);
INSERT INTO PostReactions(reaction,postID,userID) VALUES ('D:',42,49);
INSERT INTO PostReactions(reaction,postID,userID) VALUES ('D:',8,17);
INSERT INTO PostReactions(reaction,postID,userID) VALUES ('D:',29,32);
INSERT INTO PostReactions(reaction,postID,userID) VALUES (';)',43,40);
INSERT INTO PostReactions(reaction,postID,userID) VALUES (';)',19,22);
INSERT INTO PostReactions(reaction,postID,userID) VALUES (':(',3,17);
INSERT INTO PostReactions(reaction,postID,userID) VALUES (':)',1,7);
INSERT INTO PostReactions(reaction,postID,userID) VALUES ('D:',49,11);
INSERT INTO PostReactions(reaction,postID,userID) VALUES (':)',31,30);
INSERT INTO PostReactions(reaction,postID,userID) VALUES (':(',39,29);
INSERT INTO PostReactions(reaction,postID,userID) VALUES (';)',1,30);
INSERT INTO PostReactions(reaction,postID,userID) VALUES (':)',45,32);
INSERT INTO PostReactions(reaction,postID,userID) VALUES (':(',20,7);
INSERT INTO PostReactions(reaction,postID,userID) VALUES (';)',49,21);
INSERT INTO PostReactions(reaction,postID,userID) VALUES (':)',15,30);
INSERT INTO PostReactions(reaction,postID,userID) VALUES (':)',17,30);
INSERT INTO PostReactions(reaction,postID,userID) VALUES (':)',5,6);
INSERT INTO PostReactions(reaction,postID,userID) VALUES (':)',22,14);
INSERT INTO PostReactions(reaction,postID,userID) VALUES (':)',8,30);
INSERT INTO PostReactions(reaction,postID,userID) VALUES (':)',45,17);
INSERT INTO PostReactions(reaction,postID,userID) VALUES (':)',22,36);
INSERT INTO PostReactions(reaction,postID,userID) VALUES (':(',37,30);
INSERT INTO PostReactions(reaction,postID,userID) VALUES ('D:',27,20);
INSERT INTO PostReactions(reaction,postID,userID) VALUES ('D:',18,10);
INSERT INTO PostReactions(reaction,postID,userID) VALUES ('D:',29,17);
INSERT INTO PostReactions(reaction,postID,userID) VALUES ('D:',10,48);
INSERT INTO PostReactions(reaction,postID,userID) VALUES ('D:',21,37);
INSERT INTO PostReactions(reaction,postID,userID) VALUES ('D:',15,15);
INSERT INTO PostReactions(reaction,postID,userID) VALUES (';)',33,9);
INSERT INTO PostReactions(reaction,postID,userID) VALUES (':)',48,18);
INSERT INTO PostReactions(reaction,postID,userID) VALUES (':(',25,36);
INSERT INTO PostReactions(reaction,postID,userID) VALUES (':)',47,7);
INSERT INTO PostReactions(reaction,postID,userID) VALUES ('D:',21,23);
INSERT INTO PostReactions(reaction,postID,userID) VALUES (';)',38,42);
INSERT INTO PostReactions(reaction,postID,userID) VALUES ('D:',23,16);
INSERT INTO PostReactions(reaction,postID,userID) VALUES ('D:',32,20);
INSERT INTO PostReactions(reaction,postID,userID) VALUES (':(',4,43);
INSERT INTO PostReactions(reaction,postID,userID) VALUES (';)',16,4);
INSERT INTO PostReactions(reaction,postID,userID) VALUES (':(',8,33);

# UserMetadata

INSERT INTO UserMetadata(totalPostViews,avgPostViews,timeOnSite,userID,metaDataID) VALUES (9818,4323,'2023-02-26 18:50:07',6,1);
INSERT INTO UserMetadata(totalPostViews,avgPostViews,timeOnSite,userID,metaDataID) VALUES (4666,2935,'2022-08-31 17:19:05',9,2);
INSERT INTO UserMetadata(totalPostViews,avgPostViews,timeOnSite,userID,metaDataID) VALUES (8645,7107,'2022-09-14 11:33:49',33,3);
INSERT INTO UserMetadata(totalPostViews,avgPostViews,timeOnSite,userID,metaDataID) VALUES (2288,2367,'2022-08-25 23:01:22',8,4);
INSERT INTO UserMetadata(totalPostViews,avgPostViews,timeOnSite,userID,metaDataID) VALUES (3441,1847,'2022-04-13 07:23:05',20,5);
INSERT INTO UserMetadata(totalPostViews,avgPostViews,timeOnSite,userID,metaDataID) VALUES (9300,3604,'2022-06-14 05:04:36',3,6);
INSERT INTO UserMetadata(totalPostViews,avgPostViews,timeOnSite,userID,metaDataID) VALUES (3412,9065,'2023-02-18 16:44:59',9,7);
INSERT INTO UserMetadata(totalPostViews,avgPostViews,timeOnSite,userID,metaDataID) VALUES (3069,3928,'2022-04-13 00:49:56',7,8);
INSERT INTO UserMetadata(totalPostViews,avgPostViews,timeOnSite,userID,metaDataID) VALUES (9763,718,'2023-02-28 05:55:13',1,9);
INSERT INTO UserMetadata(totalPostViews,avgPostViews,timeOnSite,userID,metaDataID) VALUES (6184,6987,'2023-02-03 19:13:21',37,10);
INSERT INTO UserMetadata(totalPostViews,avgPostViews,timeOnSite,userID,metaDataID) VALUES (9023,7512,'2022-06-14 07:06:54',19,11);
INSERT INTO UserMetadata(totalPostViews,avgPostViews,timeOnSite,userID,metaDataID) VALUES (7988,1814,'2022-08-06 09:22:28',17,12);
INSERT INTO UserMetadata(totalPostViews,avgPostViews,timeOnSite,userID,metaDataID) VALUES (827,1315,'2023-03-07 00:28:15',41,13);
INSERT INTO UserMetadata(totalPostViews,avgPostViews,timeOnSite,userID,metaDataID) VALUES (3934,5697,'2022-09-05 17:27:50',45,14);
INSERT INTO UserMetadata(totalPostViews,avgPostViews,timeOnSite,userID,metaDataID) VALUES (8474,2114,'2022-11-03 11:55:40',49,15);
INSERT INTO UserMetadata(totalPostViews,avgPostViews,timeOnSite,userID,metaDataID) VALUES (5155,1768,'2022-10-28 14:05:12',36,16);
INSERT INTO UserMetadata(totalPostViews,avgPostViews,timeOnSite,userID,metaDataID) VALUES (7151,4408,'2022-04-13 23:46:43',35,17);
INSERT INTO UserMetadata(totalPostViews,avgPostViews,timeOnSite,userID,metaDataID) VALUES (8955,7965,'2022-08-02 17:49:34',13,18);
INSERT INTO UserMetadata(totalPostViews,avgPostViews,timeOnSite,userID,metaDataID) VALUES (2975,2692,'2022-06-19 17:09:33',7,19);
INSERT INTO UserMetadata(totalPostViews,avgPostViews,timeOnSite,userID,metaDataID) VALUES (5936,6802,'2022-10-03 16:16:31',44,20);
INSERT INTO UserMetadata(totalPostViews,avgPostViews,timeOnSite,userID,metaDataID) VALUES (7561,4348,'2022-06-26 01:53:59',3,21);
INSERT INTO UserMetadata(totalPostViews,avgPostViews,timeOnSite,userID,metaDataID) VALUES (3375,7593,'2022-07-21 17:30:33',45,22);
INSERT INTO UserMetadata(totalPostViews,avgPostViews,timeOnSite,userID,metaDataID) VALUES (5271,4255,'2023-02-06 23:46:11',19,23);
INSERT INTO UserMetadata(totalPostViews,avgPostViews,timeOnSite,userID,metaDataID) VALUES (1659,4688,'2023-02-15 16:42:37',16,24);
INSERT INTO UserMetadata(totalPostViews,avgPostViews,timeOnSite,userID,metaDataID) VALUES (8211,8298,'2022-05-16 21:45:49',37,25);
INSERT INTO UserMetadata(totalPostViews,avgPostViews,timeOnSite,userID,metaDataID) VALUES (8386,5052,'2022-05-12 21:03:13',6,26);
INSERT INTO UserMetadata(totalPostViews,avgPostViews,timeOnSite,userID,metaDataID) VALUES (4429,798,'2023-03-14 00:30:39',30,27);
INSERT INTO UserMetadata(totalPostViews,avgPostViews,timeOnSite,userID,metaDataID) VALUES (1780,2137,'2022-06-19 21:47:46',50,28);
INSERT INTO UserMetadata(totalPostViews,avgPostViews,timeOnSite,userID,metaDataID) VALUES (2085,3316,'2023-03-13 20:37:21',41,29);
INSERT INTO UserMetadata(totalPostViews,avgPostViews,timeOnSite,userID,metaDataID) VALUES (5290,9850,'2022-05-16 00:50:37',20,30);
INSERT INTO UserMetadata(totalPostViews,avgPostViews,timeOnSite,userID,metaDataID) VALUES (6328,7879,'2022-11-16 09:38:57',11,31);
INSERT INTO UserMetadata(totalPostViews,avgPostViews,timeOnSite,userID,metaDataID) VALUES (926,4765,'2022-10-26 15:57:21',37,32);
INSERT INTO UserMetadata(totalPostViews,avgPostViews,timeOnSite,userID,metaDataID) VALUES (8412,7596,'2022-09-01 09:29:29',33,33);
INSERT INTO UserMetadata(totalPostViews,avgPostViews,timeOnSite,userID,metaDataID) VALUES (9201,2002,'2022-08-26 20:36:41',22,34);
INSERT INTO UserMetadata(totalPostViews,avgPostViews,timeOnSite,userID,metaDataID) VALUES (2655,6628,'2023-01-19 04:17:25',8,35);
INSERT INTO UserMetadata(totalPostViews,avgPostViews,timeOnSite,userID,metaDataID) VALUES (9931,8822,'2022-09-02 23:08:29',48,36);
INSERT INTO UserMetadata(totalPostViews,avgPostViews,timeOnSite,userID,metaDataID) VALUES (8677,182,'2022-12-10 01:15:59',40,37);
INSERT INTO UserMetadata(totalPostViews,avgPostViews,timeOnSite,userID,metaDataID) VALUES (3485,1033,'2022-11-01 09:11:10',34,38);
INSERT INTO UserMetadata(totalPostViews,avgPostViews,timeOnSite,userID,metaDataID) VALUES (2790,3026,'2023-03-29 17:06:31',4,39);
INSERT INTO UserMetadata(totalPostViews,avgPostViews,timeOnSite,userID,metaDataID) VALUES (144,6478,'2022-06-13 08:27:34',31,40);
INSERT INTO UserMetadata(totalPostViews,avgPostViews,timeOnSite,userID,metaDataID) VALUES (8662,4885,'2023-03-10 17:45:43',43,41);
INSERT INTO UserMetadata(totalPostViews,avgPostViews,timeOnSite,userID,metaDataID) VALUES (7242,1678,'2022-11-06 19:22:10',6,42);
INSERT INTO UserMetadata(totalPostViews,avgPostViews,timeOnSite,userID,metaDataID) VALUES (6356,2558,'2022-10-17 01:15:19',7,43);
INSERT INTO UserMetadata(totalPostViews,avgPostViews,timeOnSite,userID,metaDataID) VALUES (5533,3931,'2023-01-20 02:16:35',36,44);
INSERT INTO UserMetadata(totalPostViews,avgPostViews,timeOnSite,userID,metaDataID) VALUES (674,3427,'2022-10-04 00:23:01',14,45);
INSERT INTO UserMetadata(totalPostViews,avgPostViews,timeOnSite,userID,metaDataID) VALUES (7701,9764,'2022-06-26 09:25:58',1,46);
INSERT INTO UserMetadata(totalPostViews,avgPostViews,timeOnSite,userID,metaDataID) VALUES (7650,4056,'2023-03-22 02:11:06',5,47);
INSERT INTO UserMetadata(totalPostViews,avgPostViews,timeOnSite,userID,metaDataID) VALUES (9040,7886,'2022-06-30 17:21:45',18,48);
INSERT INTO UserMetadata(totalPostViews,avgPostViews,timeOnSite,userID,metaDataID) VALUES (6367,4958,'2022-09-22 20:34:57',45,49);
INSERT INTO UserMetadata(totalPostViews,avgPostViews,timeOnSite,userID,metaDataID) VALUES (4153,5467,'2022-10-21 05:17:00',39,50);

# Company

INSERT INTO Company(Name,productDescription,companyID) VALUES ('Twitternation','Donec vitae nisi.',1);
INSERT INTO Company(Name,productDescription,companyID) VALUES ('Oozz','Fusce posuere felis sed lacus. Morbi sem mauris, laoreet ut, rhoncus aliquet, pulvinar sed, nisl. Nunc rhoncus dui vel sem.',2);
INSERT INTO Company(Name,productDescription,companyID) VALUES ('Wordtune','Aenean lectus. Pellentesque eget nunc. Donec quis orci eget orci vehicula condimentum.',3);
INSERT INTO Company(Name,productDescription,companyID) VALUES ('Jaxworks','Morbi a ipsum. Integer a nibh.',4);
INSERT INTO Company(Name,productDescription,companyID) VALUES ('Npath','Pellentesque eget nunc. Donec quis orci eget orci vehicula condimentum.',5);
INSERT INTO Company(Name,productDescription,companyID) VALUES ('Realcube','Maecenas ut massa quis augue luctus tincidunt. Nulla mollis molestie lorem.',6);
INSERT INTO Company(Name,productDescription,companyID) VALUES ('Jetwire','In tempor, turpis nec euismod scelerisque, quam turpis adipiscing lorem, vitae mattis nibh ligula nec sem.',7);
INSERT INTO Company(Name,productDescription,companyID) VALUES ('Eidel','Donec posuere metus vitae ipsum. Aliquam non mauris. Morbi non lectus.',8);
INSERT INTO Company(Name,productDescription,companyID) VALUES ('Linkbridge','In tempor, turpis nec euismod scelerisque, quam turpis adipiscing lorem, vitae mattis nibh ligula nec sem. Duis aliquam convallis nunc.',9);
INSERT INTO Company(Name,productDescription,companyID) VALUES ('Oyoba','Donec quis orci eget orci vehicula condimentum. Curabitur in libero ut massa volutpat convallis.',10);
INSERT INTO Company(Name,productDescription,companyID) VALUES ('Yodel','Cras non velit nec nisi vulputate nonummy.',11);
INSERT INTO Company(Name,productDescription,companyID) VALUES ('Mydo','Aliquam erat volutpat.',12);
INSERT INTO Company(Name,productDescription,companyID) VALUES ('Eimbee','Maecenas tristique, est et tempus semper, est quam pharetra magna, ac consequat metus sapien ut nunc.',13);
INSERT INTO Company(Name,productDescription,companyID) VALUES ('Chatterpoint','Aenean auctor gravida sem. Praesent id massa id nisl venenatis lacinia. Aenean sit amet justo.',14);
INSERT INTO Company(Name,productDescription,companyID) VALUES ('Zoombeat','Cras in purus eu magna vulputate luctus. Cum sociis natoque penatibus et magnis dis parturient montes, nascetur ridiculus mus. Vivamus vestibulum sagittis sapien.',15);
INSERT INTO Company(Name,productDescription,companyID) VALUES ('Kazio','Quisque erat eros, viverra eget, congue eget, semper rutrum, nulla.',16);
INSERT INTO Company(Name,productDescription,companyID) VALUES ('Yakidoo','Fusce congue, diam id ornare imperdiet, sapien urna pretium nisl, ut volutpat sapien arcu sed augue.',17);
INSERT INTO Company(Name,productDescription,companyID) VALUES ('Kazu','Nulla tempus. Vivamus in felis eu sapien cursus vestibulum.',18);
INSERT INTO Company(Name,productDescription,companyID) VALUES ('Realfire','Phasellus sit amet erat. Nulla tempus. Vivamus in felis eu sapien cursus vestibulum.',19);
INSERT INTO Company(Name,productDescription,companyID) VALUES ('Wordware','Curabitur gravida nisi at nibh.',20);
INSERT INTO Company(Name,productDescription,companyID) VALUES ('Kaymbo','Donec vitae nisi.',21);
INSERT INTO Company(Name,productDescription,companyID) VALUES ('Zoomlounge','Aliquam non mauris. Morbi non lectus. Aliquam sit amet diam in magna bibendum imperdiet.',22);
INSERT INTO Company(Name,productDescription,companyID) VALUES ('Kwimbee','Curabitur at ipsum ac tellus semper interdum. Mauris ullamcorper purus sit amet nulla.',23);
INSERT INTO Company(Name,productDescription,companyID) VALUES ('Mybuzz','Praesent id massa id nisl venenatis lacinia. Aenean sit amet justo. Morbi ut odio.',24);
INSERT INTO Company(Name,productDescription,companyID) VALUES ('Youspan','Vestibulum quam sapien, varius ut, blandit non, interdum in, ante.',25);
INSERT INTO Company(Name,productDescription,companyID) VALUES ('Realcube','Integer ac leo.',26);
INSERT INTO Company(Name,productDescription,companyID) VALUES ('Photojam','Nulla neque libero, convallis eget, eleifend luctus, ultricies eu, nibh. Quisque id justo sit amet sapien dignissim vestibulum.',27);
INSERT INTO Company(Name,productDescription,companyID) VALUES ('Katz','Curabitur gravida nisi at nibh. In hac habitasse platea dictumst. Aliquam augue quam, sollicitudin vitae, consectetuer eget, rutrum at, lorem.',28);
INSERT INTO Company(Name,productDescription,companyID) VALUES ('Vidoo','Nulla facilisi. Cras non velit nec nisi vulputate nonummy. Maecenas tincidunt lacus at velit.',29);
INSERT INTO Company(Name,productDescription,companyID) VALUES ('Centimia','In sagittis dui vel nisl.',30);
INSERT INTO Company(Name,productDescription,companyID) VALUES ('Eimbee','Nulla facilisi.',31);
INSERT INTO Company(Name,productDescription,companyID) VALUES ('Dabshots','Suspendisse potenti. In eleifend quam a odio.',32);
INSERT INTO Company(Name,productDescription,companyID) VALUES ('Vinder','Aliquam non mauris.',33);
INSERT INTO Company(Name,productDescription,companyID) VALUES ('Gabcube','Aliquam quis turpis eget elit sodales scelerisque.',34);
INSERT INTO Company(Name,productDescription,companyID) VALUES ('Cogibox','In hac habitasse platea dictumst.',35);
INSERT INTO Company(Name,productDescription,companyID) VALUES ('Talane','Proin interdum mauris non ligula pellentesque ultrices.',36);
INSERT INTO Company(Name,productDescription,companyID) VALUES ('Cogidoo','Sed accumsan felis. Ut at dolor quis odio consequat varius. Integer ac leo.',37);
INSERT INTO Company(Name,productDescription,companyID) VALUES ('Kimia','Maecenas ut massa quis augue luctus tincidunt. Nulla mollis molestie lorem.',38);
INSERT INTO Company(Name,productDescription,companyID) VALUES ('Livetube','Suspendisse potenti. In eleifend quam a odio.',39);
INSERT INTO Company(Name,productDescription,companyID) VALUES ('Gigazoom','Proin eu mi. Nulla ac enim.',40);
INSERT INTO Company(Name,productDescription,companyID) VALUES ('Zoomzone','Phasellus sit amet erat. Nulla tempus. Vivamus in felis eu sapien cursus vestibulum.',41);
INSERT INTO Company(Name,productDescription,companyID) VALUES ('Omba','Donec vitae nisi.',42);
INSERT INTO Company(Name,productDescription,companyID) VALUES ('Photospace','In sagittis dui vel nisl. Duis ac nibh.',43);
INSERT INTO Company(Name,productDescription,companyID) VALUES ('Zoozzy','Praesent blandit. Nam nulla.',44);
INSERT INTO Company(Name,productDescription,companyID) VALUES ('Fanoodle','Fusce congue, diam id ornare imperdiet, sapien urna pretium nisl, ut volutpat sapien arcu sed augue.',45);
INSERT INTO Company(Name,productDescription,companyID) VALUES ('Browsecat','Praesent blandit lacinia erat.',46);
INSERT INTO Company(Name,productDescription,companyID) VALUES ('Meevee','Maecenas leo odio, condimentum id, luctus nec, molestie sed, justo. Pellentesque viverra pede ac diam.',47);
INSERT INTO Company(Name,productDescription,companyID) VALUES ('Quaxo','Morbi non quam nec dui luctus rutrum. Nulla tellus. In sagittis dui vel nisl.',48);
INSERT INTO Company(Name,productDescription,companyID) VALUES ('Twitternation','Praesent id massa id nisl venenatis lacinia. Aenean sit amet justo.',49);
INSERT INTO Company(Name,productDescription,companyID) VALUES ('Yata','Etiam vel augue. Vestibulum rutrum rutrum neque. Aenean auctor gravida sem.',50);

# Advertisements

INSERT INTO Advertisements(Name,Description,Content,Views,adID,companyID) VALUES ('ridiculus mus etiam','Nulla tellus.','Morbi non quam nec dui luctus rutrum. Nulla tellus. In sagittis dui vel nisl.',29205,1,31);
INSERT INTO Advertisements(Name,Description,Content,Views,adID,companyID) VALUES ('quis orci','Duis ac nibh. Fusce lacus purus, aliquet at, feugiat non, pretium quis, lectus.','Duis bibendum. Morbi non quam nec dui luctus rutrum. Nulla tellus. In sagittis dui vel nisl.',97524,2,11);
INSERT INTO Advertisements(Name,Description,Content,Views,adID,companyID) VALUES ('ipsum primis','Nullam molestie nibh in lectus.','Etiam pretium iaculis justo. In hac habitasse platea dictumst. Etiam faucibus cursus urna. Ut tellus.',29691,3,36);
INSERT INTO Advertisements(Name,Description,Content,Views,adID,companyID) VALUES ('praesent','Duis ac nibh. Fusce lacus purus, aliquet at, feugiat non, pretium quis, lectus. Suspendisse potenti.','Nulla justo.',92782,4,41);
INSERT INTO Advertisements(Name,Description,Content,Views,adID,companyID) VALUES ('posuere metus','Phasellus sit amet erat. Nulla tempus.','In congue. Etiam justo. Etiam pretium iaculis justo. In hac habitasse platea dictumst.',15059,5,32);
INSERT INTO Advertisements(Name,Description,Content,Views,adID,companyID) VALUES ('posuere nonummy','Nam dui. Proin leo odio, porttitor id, consequat in, consequat ut, nulla. Sed accumsan felis. Ut at dolor quis odio consequat varius.','Vestibulum ante ipsum primis in faucibus orci luctus et ultrices posuere cubilia Curae; Mauris viverra diam vitae quam. Suspendisse potenti. Nullam porttitor lacus at turpis. Donec posuere metus vitae ipsum.',12997,6,34);
INSERT INTO Advertisements(Name,Description,Content,Views,adID,companyID) VALUES ('dui luctus rutrum','In congue. Etiam justo.','Curabitur convallis. Duis consequat dui nec nisi volutpat eleifend.',26212,7,3);
INSERT INTO Advertisements(Name,Description,Content,Views,adID,companyID) VALUES ('gravida','Duis consequat dui nec nisi volutpat eleifend. Donec ut dolor. Morbi vel lectus in quam fringilla rhoncus.','Integer aliquet, massa id lobortis convallis, tortor risus dapibus augue, vel accumsan tellus nisi eu orci.',82341,8,9);
INSERT INTO Advertisements(Name,Description,Content,Views,adID,companyID) VALUES ('phasellus','Mauris enim leo, rhoncus sed, vestibulum sit amet, cursus id, turpis. Integer aliquet, massa id lobortis convallis, tortor risus dapibus augue, vel accumsan tellus nisi eu orci.','In hac habitasse platea dictumst. Morbi vestibulum, velit id pretium iaculis, diam erat fermentum justo, nec condimentum neque sapien placerat ante. Nulla justo.',31115,9,8);
INSERT INTO Advertisements(Name,Description,Content,Views,adID,companyID) VALUES ('quisque porta volutpat','Proin risus. Praesent lectus. Vestibulum quam sapien, varius ut, blandit non, interdum in, ante.','Donec dapibus. Duis at velit eu est congue elementum. In hac habitasse platea dictumst. Morbi vestibulum, velit id pretium iaculis, diam erat fermentum justo, nec condimentum neque sapien placerat ante.',44139,10,16);
INSERT INTO Advertisements(Name,Description,Content,Views,adID,companyID) VALUES ('sollicitudin vitae','In hac habitasse platea dictumst.','Mauris lacinia sapien quis libero. Nullam sit amet turpis elementum ligula vehicula consequat. Morbi a ipsum. Integer a nibh.',23276,11,7);
INSERT INTO Advertisements(Name,Description,Content,Views,adID,companyID) VALUES ('leo rhoncus sed','Phasellus sit amet erat.','Duis bibendum, felis sed interdum venenatis, turpis enim blandit mi, in porttitor pede justo eu massa. Donec dapibus. Duis at velit eu est congue elementum. In hac habitasse platea dictumst.',60146,12,37);
INSERT INTO Advertisements(Name,Description,Content,Views,adID,companyID) VALUES ('vehicula consequat','Fusce consequat. Nulla nisl. Nunc nisl. Duis bibendum, felis sed interdum venenatis, turpis enim blandit mi, in porttitor pede justo eu massa.','Donec dapibus. Duis at velit eu est congue elementum. In hac habitasse platea dictumst. Morbi vestibulum, velit id pretium iaculis, diam erat fermentum justo, nec condimentum neque sapien placerat ante.',89165,13,23);
INSERT INTO Advertisements(Name,Description,Content,Views,adID,companyID) VALUES ('ullamcorper augue','Nulla tellus. In sagittis dui vel nisl.','Etiam faucibus cursus urna. Ut tellus. Nulla ut erat id mauris vulputate elementum. Nullam varius.',13119,14,33);
INSERT INTO Advertisements(Name,Description,Content,Views,adID,companyID) VALUES ('in tempus sit','Aliquam quis turpis eget elit sodales scelerisque. Mauris sit amet eros.','Cras mi pede, malesuada in, imperdiet et, commodo vulputate, justo. In blandit ultrices enim. Lorem ipsum dolor sit amet, consectetuer adipiscing elit. Proin interdum mauris non ligula pellentesque ultrices.',86079,15,48);
INSERT INTO Advertisements(Name,Description,Content,Views,adID,companyID) VALUES ('quis orci','Nam ultrices, libero non mattis pulvinar, nulla pede ullamcorper augue, a suscipit nulla elit ac nulla. Sed vel enim sit amet nunc viverra dapibus.','Phasellus sit amet erat.',97827,16,43);
INSERT INTO Advertisements(Name,Description,Content,Views,adID,companyID) VALUES ('quam a odio','Aenean sit amet justo.','Nam congue, risus semper porta volutpat, quam pede lobortis ligula, sit amet eleifend pede libero quis orci.',40811,17,44);
INSERT INTO Advertisements(Name,Description,Content,Views,adID,companyID) VALUES ('ligula pellentesque ultrices','Aenean fermentum. Donec ut mauris eget massa tempor convallis.','Nulla tempus.',51290,18,17);
INSERT INTO Advertisements(Name,Description,Content,Views,adID,companyID) VALUES ('in hac habitasse','Sed vel enim sit amet nunc viverra dapibus. Nulla suscipit ligula in lacus. Curabitur at ipsum ac tellus semper interdum. Mauris ullamcorper purus sit amet nulla.','Proin interdum mauris non ligula pellentesque ultrices. Phasellus id sapien in sapien iaculis congue. Vivamus metus arcu, adipiscing molestie, hendrerit at, vulputate vitae, nisl. Aenean lectus.',8831,19,39);
INSERT INTO Advertisements(Name,Description,Content,Views,adID,companyID) VALUES ('eu magna','Maecenas tristique, est et tempus semper, est quam pharetra magna, ac consequat metus sapien ut nunc. Vestibulum ante ipsum primis in faucibus orci luctus et ultrices posuere cubilia Curae; Mauris viverra diam vitae quam. Suspendisse potenti.','Aliquam erat volutpat.',20765,20,42);
INSERT INTO Advertisements(Name,Description,Content,Views,adID,companyID) VALUES ('massa id','Suspendisse accumsan tortor quis turpis. Sed ante. Vivamus tortor.','Maecenas rhoncus aliquam lacus.',82457,21,13);
INSERT INTO Advertisements(Name,Description,Content,Views,adID,companyID) VALUES ('nunc donec','Sed vel enim sit amet nunc viverra dapibus. Nulla suscipit ligula in lacus. Curabitur at ipsum ac tellus semper interdum.','Aenean lectus.',26722,22,5);
INSERT INTO Advertisements(Name,Description,Content,Views,adID,companyID) VALUES ('libero convallis eget','Aenean fermentum. Donec ut mauris eget massa tempor convallis.','Pellentesque ultrices mattis odio. Donec vitae nisi.',40056,23,4);
INSERT INTO Advertisements(Name,Description,Content,Views,adID,companyID) VALUES ('fusce','Morbi ut odio.','In congue. Etiam justo. Etiam pretium iaculis justo.',13669,24,50);
INSERT INTO Advertisements(Name,Description,Content,Views,adID,companyID) VALUES ('lacus morbi','Aliquam quis turpis eget elit sodales scelerisque.','Etiam faucibus cursus urna. Ut tellus.',82888,25,2);
INSERT INTO Advertisements(Name,Description,Content,Views,adID,companyID) VALUES ('justo','In quis justo. Maecenas rhoncus aliquam lacus. Morbi quis tortor id nulla ultrices aliquet.','Morbi non lectus. Aliquam sit amet diam in magna bibendum imperdiet. Nullam orci pede, venenatis non, sodales sed, tincidunt eu, felis.',32946,26,14);
INSERT INTO Advertisements(Name,Description,Content,Views,adID,companyID) VALUES ('neque aenean auctor','Curabitur in libero ut massa volutpat convallis. Morbi odio odio, elementum eu, interdum eu, tincidunt in, leo. Maecenas pulvinar lobortis est.','Etiam vel augue.',28952,27,49);
INSERT INTO Advertisements(Name,Description,Content,Views,adID,companyID) VALUES ('montes nascetur','Aenean auctor gravida sem. Praesent id massa id nisl venenatis lacinia. Aenean sit amet justo.','In hac habitasse platea dictumst. Maecenas ut massa quis augue luctus tincidunt.',15520,28,45);
INSERT INTO Advertisements(Name,Description,Content,Views,adID,companyID) VALUES ('dis','Morbi non lectus.','Curabitur gravida nisi at nibh. In hac habitasse platea dictumst. Aliquam augue quam, sollicitudin vitae, consectetuer eget, rutrum at, lorem.',1664,29,26);
INSERT INTO Advertisements(Name,Description,Content,Views,adID,companyID) VALUES ('lectus','Aliquam non mauris. Morbi non lectus. Aliquam sit amet diam in magna bibendum imperdiet.','Nullam orci pede, venenatis non, sodales sed, tincidunt eu, felis.',56221,30,30);
INSERT INTO Advertisements(Name,Description,Content,Views,adID,companyID) VALUES ('at','Vivamus vestibulum sagittis sapien. Cum sociis natoque penatibus et magnis dis parturient montes, nascetur ridiculus mus. Etiam vel augue. Vestibulum rutrum rutrum neque.','Nullam sit amet turpis elementum ligula vehicula consequat.',62147,31,38);
INSERT INTO Advertisements(Name,Description,Content,Views,adID,companyID) VALUES ('curae','Integer tincidunt ante vel ipsum. Praesent blandit lacinia erat. Vestibulum sed magna at nunc commodo placerat. Praesent blandit.','Donec quis orci eget orci vehicula condimentum.',6045,32,35);
INSERT INTO Advertisements(Name,Description,Content,Views,adID,companyID) VALUES ('donec','Sed ante. Vivamus tortor. Duis mattis egestas metus. Aenean fermentum.','Morbi non quam nec dui luctus rutrum. Nulla tellus. In sagittis dui vel nisl.',12056,33,15);
INSERT INTO Advertisements(Name,Description,Content,Views,adID,companyID) VALUES ('rutrum','Duis aliquam convallis nunc. Proin at turpis a pede posuere nonummy.','Aliquam augue quam, sollicitudin vitae, consectetuer eget, rutrum at, lorem. Integer tincidunt ante vel ipsum. Praesent blandit lacinia erat. Vestibulum sed magna at nunc commodo placerat.',88619,34,20);
INSERT INTO Advertisements(Name,Description,Content,Views,adID,companyID) VALUES ('dapibus duis at','Maecenas tristique, est et tempus semper, est quam pharetra magna, ac consequat metus sapien ut nunc. Vestibulum ante ipsum primis in faucibus orci luctus et ultrices posuere cubilia Curae; Mauris viverra diam vitae quam. Suspendisse potenti.','Donec odio justo, sollicitudin ut, suscipit a, feugiat et, eros. Vestibulum ac est lacinia nisi venenatis tristique. Fusce congue, diam id ornare imperdiet, sapien urna pretium nisl, ut volutpat sapien arcu sed augue.',72854,35,18);
INSERT INTO Advertisements(Name,Description,Content,Views,adID,companyID) VALUES ('est','Vestibulum ante ipsum primis in faucibus orci luctus et ultrices posuere cubilia Curae; Duis faucibus accumsan odio. Curabitur convallis.','Integer tincidunt ante vel ipsum. Praesent blandit lacinia erat. Vestibulum sed magna at nunc commodo placerat. Praesent blandit.',77423,36,24);
INSERT INTO Advertisements(Name,Description,Content,Views,adID,companyID) VALUES ('turpis eget','Maecenas rhoncus aliquam lacus. Morbi quis tortor id nulla ultrices aliquet.','Cras non velit nec nisi vulputate nonummy. Maecenas tincidunt lacus at velit.',75287,37,10);
INSERT INTO Advertisements(Name,Description,Content,Views,adID,companyID) VALUES ('nunc proin','Maecenas rhoncus aliquam lacus. Morbi quis tortor id nulla ultrices aliquet. Maecenas leo odio, condimentum id, luctus nec, molestie sed, justo.','Morbi vestibulum, velit id pretium iaculis, diam erat fermentum justo, nec condimentum neque sapien placerat ante. Nulla justo.',68961,38,1);
INSERT INTO Advertisements(Name,Description,Content,Views,adID,companyID) VALUES ('consequat ut','Proin at turpis a pede posuere nonummy.','Morbi non lectus. Aliquam sit amet diam in magna bibendum imperdiet. Nullam orci pede, venenatis non, sodales sed, tincidunt eu, felis. Fusce posuere felis sed lacus.',82117,39,28);
INSERT INTO Advertisements(Name,Description,Content,Views,adID,companyID) VALUES ('augue','Praesent id massa id nisl venenatis lacinia. Aenean sit amet justo.','Proin leo odio, porttitor id, consequat in, consequat ut, nulla.',7980,40,25);
INSERT INTO Advertisements(Name,Description,Content,Views,adID,companyID) VALUES ('vestibulum','Nullam sit amet turpis elementum ligula vehicula consequat. Morbi a ipsum. Integer a nibh. In quis justo.','Nulla mollis molestie lorem. Quisque ut erat. Curabitur gravida nisi at nibh.',64110,41,21);
INSERT INTO Advertisements(Name,Description,Content,Views,adID,companyID) VALUES ('euismod scelerisque quam','Morbi non lectus. Aliquam sit amet diam in magna bibendum imperdiet.','Aliquam augue quam, sollicitudin vitae, consectetuer eget, rutrum at, lorem. Integer tincidunt ante vel ipsum.',17824,42,6);
INSERT INTO Advertisements(Name,Description,Content,Views,adID,companyID) VALUES ('vitae nisl aenean','Vivamus in felis eu sapien cursus vestibulum. Proin eu mi. Nulla ac enim. In tempor, turpis nec euismod scelerisque, quam turpis adipiscing lorem, vitae mattis nibh ligula nec sem.','Phasellus id sapien in sapien iaculis congue. Vivamus metus arcu, adipiscing molestie, hendrerit at, vulputate vitae, nisl. Aenean lectus. Pellentesque eget nunc.',20317,43,46);
INSERT INTO Advertisements(Name,Description,Content,Views,adID,companyID) VALUES ('turpis','Nam nulla.','Integer ac leo.',55450,44,47);
INSERT INTO Advertisements(Name,Description,Content,Views,adID,companyID) VALUES ('sed','Morbi porttitor lorem id ligula.','Curabitur in libero ut massa volutpat convallis. Morbi odio odio, elementum eu, interdum eu, tincidunt in, leo.',16108,45,19);
INSERT INTO Advertisements(Name,Description,Content,Views,adID,companyID) VALUES ('ligula vehicula','Duis consequat dui nec nisi volutpat eleifend. Donec ut dolor.','Aliquam non mauris. Morbi non lectus. Aliquam sit amet diam in magna bibendum imperdiet. Nullam orci pede, venenatis non, sodales sed, tincidunt eu, felis.',34193,46,12);
INSERT INTO Advertisements(Name,Description,Content,Views,adID,companyID) VALUES ('libero','Maecenas tristique, est et tempus semper, est quam pharetra magna, ac consequat metus sapien ut nunc. Vestibulum ante ipsum primis in faucibus orci luctus et ultrices posuere cubilia Curae; Mauris viverra diam vitae quam.','Integer aliquet, massa id lobortis convallis, tortor risus dapibus augue, vel accumsan tellus nisi eu orci. Mauris lacinia sapien quis libero. Nullam sit amet turpis elementum ligula vehicula consequat. Morbi a ipsum.',92682,47,29);
INSERT INTO Advertisements(Name,Description,Content,Views,adID,companyID) VALUES ('sem','Nam congue, risus semper porta volutpat, quam pede lobortis ligula, sit amet eleifend pede libero quis orci. Nullam molestie nibh in lectus. Pellentesque at nulla.','Aenean lectus. Pellentesque eget nunc. Donec quis orci eget orci vehicula condimentum.',82886,48,40);
INSERT INTO Advertisements(Name,Description,Content,Views,adID,companyID) VALUES ('venenatis turpis enim','Quisque ut erat. Curabitur gravida nisi at nibh. In hac habitasse platea dictumst. Aliquam augue quam, sollicitudin vitae, consectetuer eget, rutrum at, lorem.','Vestibulum quam sapien, varius ut, blandit non, interdum in, ante. Vestibulum ante ipsum primis in faucibus orci luctus et ultrices posuere cubilia Curae; Duis faucibus accumsan odio.',18634,49,27);
INSERT INTO Advertisements(Name,Description,Content,Views,adID,companyID) VALUES ('pretium','Nulla justo. Aliquam quis turpis eget elit sodales scelerisque. Mauris sit amet eros.','Praesent blandit. Nam nulla.',14521,50,22);

# Sponsorship

INSERT INTO Sponsorship(compensation,companyID,userID) VALUES ('Aliquam erat volutpat.',47,1);
INSERT INTO Sponsorship(compensation,companyID,userID) VALUES ('Pellentesque eget nunc.',13,14);
INSERT INTO Sponsorship(compensation,companyID,userID) VALUES ('Nulla tellus. In sagittis dui vel nisl. Duis ac nibh.',30,18);
INSERT INTO Sponsorship(compensation,companyID,userID) VALUES ('Nam nulla.',1,40);
INSERT INTO Sponsorship(compensation,companyID,userID) VALUES ('Praesent blandit lacinia erat. Vestibulum sed magna at nunc commodo placerat.',25,5);
INSERT INTO Sponsorship(compensation,companyID,userID) VALUES ('Curabitur in libero ut massa volutpat convallis. Morbi odio odio, elementum eu, interdum eu, tincidunt in, leo.',5,7);
INSERT INTO Sponsorship(compensation,companyID,userID) VALUES ('Donec ut dolor.',9,27);
INSERT INTO Sponsorship(compensation,companyID,userID) VALUES ('Aenean sit amet justo. Morbi ut odio. Cras mi pede, malesuada in, imperdiet et, commodo vulputate, justo.',16,30);
INSERT INTO Sponsorship(compensation,companyID,userID) VALUES ('Vestibulum ac est lacinia nisi venenatis tristique.',19,24);
INSERT INTO Sponsorship(compensation,companyID,userID) VALUES ('Donec ut mauris eget massa tempor convallis. Nulla neque libero, convallis eget, eleifend luctus, ultricies eu, nibh.',22,29);
INSERT INTO Sponsorship(compensation,companyID,userID) VALUES ('Aenean auctor gravida sem.',42,45);
INSERT INTO Sponsorship(compensation,companyID,userID) VALUES ('Integer a nibh.',31,13);
INSERT INTO Sponsorship(compensation,companyID,userID) VALUES ('Suspendisse ornare consequat lectus.',17,10);
INSERT INTO Sponsorship(compensation,companyID,userID) VALUES ('Donec semper sapien a libero. Nam dui. Proin leo odio, porttitor id, consequat in, consequat ut, nulla.',2,16);
INSERT INTO Sponsorship(compensation,companyID,userID) VALUES ('Nulla ac enim.',6,46);
INSERT INTO Sponsorship(compensation,companyID,userID) VALUES ('Cras non velit nec nisi vulputate nonummy. Maecenas tincidunt lacus at velit. Vivamus vel nulla eget eros elementum pellentesque.',43,47);
INSERT INTO Sponsorship(compensation,companyID,userID) VALUES ('Maecenas tristique, est et tempus semper, est quam pharetra magna, ac consequat metus sapien ut nunc. Vestibulum ante ipsum primis in faucibus orci luctus et ultrices posuere cubilia Curae; Mauris viverra diam vitae quam.',12,9);
INSERT INTO Sponsorship(compensation,companyID,userID) VALUES ('Cum sociis natoque penatibus et magnis dis parturient montes, nascetur ridiculus mus. Vivamus vestibulum sagittis sapien. Cum sociis natoque penatibus et magnis dis parturient montes, nascetur ridiculus mus.',20,39);
INSERT INTO Sponsorship(compensation,companyID,userID) VALUES ('Morbi vel lectus in quam fringilla rhoncus. Mauris enim leo, rhoncus sed, vestibulum sit amet, cursus id, turpis. Integer aliquet, massa id lobortis convallis, tortor risus dapibus augue, vel accumsan tellus nisi eu orci.',23,35);
INSERT INTO Sponsorship(compensation,companyID,userID) VALUES ('Phasellus id sapien in sapien iaculis congue.',34,49);
INSERT INTO Sponsorship(compensation,companyID,userID) VALUES ('Pellentesque viverra pede ac diam. Cras pellentesque volutpat dui.',45,4);
INSERT INTO Sponsorship(compensation,companyID,userID) VALUES ('Lorem ipsum dolor sit amet, consectetuer adipiscing elit.',14,23);
INSERT INTO Sponsorship(compensation,companyID,userID) VALUES ('Phasellus in felis.',3,37);
INSERT INTO Sponsorship(compensation,companyID,userID) VALUES ('In hac habitasse platea dictumst. Maecenas ut massa quis augue luctus tincidunt.',28,22);
INSERT INTO Sponsorship(compensation,companyID,userID) VALUES ('Vestibulum ante ipsum primis in faucibus orci luctus et ultrices posuere cubilia Curae; Duis faucibus accumsan odio.',27,21);
INSERT INTO Sponsorship(compensation,companyID,userID) VALUES ('Suspendisse potenti. In eleifend quam a odio.',11,11);
INSERT INTO Sponsorship(compensation,companyID,userID) VALUES ('Quisque ut erat. Curabitur gravida nisi at nibh. In hac habitasse platea dictumst.',29,17);
INSERT INTO Sponsorship(compensation,companyID,userID) VALUES ('Etiam faucibus cursus urna. Ut tellus. Nulla ut erat id mauris vulputate elementum.',18,33);
INSERT INTO Sponsorship(compensation,companyID,userID) VALUES ('Nulla suscipit ligula in lacus. Curabitur at ipsum ac tellus semper interdum. Mauris ullamcorper purus sit amet nulla.',41,43);
INSERT INTO Sponsorship(compensation,companyID,userID) VALUES ('Sed sagittis. Nam congue, risus semper porta volutpat, quam pede lobortis ligula, sit amet eleifend pede libero quis orci. Nullam molestie nibh in lectus.',26,8);
INSERT INTO Sponsorship(compensation,companyID,userID) VALUES ('Pellentesque viverra pede ac diam. Cras pellentesque volutpat dui.',10,36);
INSERT INTO Sponsorship(compensation,companyID,userID) VALUES ('Aliquam non mauris.',21,44);
INSERT INTO Sponsorship(compensation,companyID,userID) VALUES ('Sed vel enim sit amet nunc viverra dapibus. Nulla suscipit ligula in lacus. Curabitur at ipsum ac tellus semper interdum.',44,6);
INSERT INTO Sponsorship(compensation,companyID,userID) VALUES ('Praesent blandit lacinia erat.',37,48);
INSERT INTO Sponsorship(compensation,companyID,userID) VALUES ('Nam nulla.',36,25);
INSERT INTO Sponsorship(compensation,companyID,userID) VALUES ('In eleifend quam a odio. In hac habitasse platea dictumst. Maecenas ut massa quis augue luctus tincidunt.',24,42);
INSERT INTO Sponsorship(compensation,companyID,userID) VALUES ('Maecenas pulvinar lobortis est. Phasellus sit amet erat.',50,41);
INSERT INTO Sponsorship(compensation,companyID,userID) VALUES ('Suspendisse ornare consequat lectus.',8,12);
INSERT INTO Sponsorship(compensation,companyID,userID) VALUES ('Nulla neque libero, convallis eget, eleifend luctus, ultricies eu, nibh. Quisque id justo sit amet sapien dignissim vestibulum.',33,26);
INSERT INTO Sponsorship(compensation,companyID,userID) VALUES ('Vestibulum rutrum rutrum neque.',35,20);
INSERT INTO Sponsorship(compensation,companyID,userID) VALUES ('Nullam molestie nibh in lectus. Pellentesque at nulla.',32,34);
INSERT INTO Sponsorship(compensation,companyID,userID) VALUES ('Aenean auctor gravida sem. Praesent id massa id nisl venenatis lacinia. Aenean sit amet justo.',40,38);
INSERT INTO Sponsorship(compensation,companyID,userID) VALUES ('Mauris enim leo, rhoncus sed, vestibulum sit amet, cursus id, turpis. Integer aliquet, massa id lobortis convallis, tortor risus dapibus augue, vel accumsan tellus nisi eu orci. Mauris lacinia sapien quis libero.',7,32);
INSERT INTO Sponsorship(compensation,companyID,userID) VALUES ('Morbi porttitor lorem id ligula. Suspendisse ornare consequat lectus. In est risus, auctor sed, tristique in, tempus sit amet, sem.',38,15);
INSERT INTO Sponsorship(compensation,companyID,userID) VALUES ('Integer tincidunt ante vel ipsum. Praesent blandit lacinia erat.',49,28);
INSERT INTO Sponsorship(compensation,companyID,userID) VALUES ('Sed ante. Vivamus tortor.',39,19);
INSERT INTO Sponsorship(compensation,companyID,userID) VALUES ('Vestibulum ante ipsum primis in faucibus orci luctus et ultrices posuere cubilia Curae; Duis faucibus accumsan odio. Curabitur convallis. Duis consequat dui nec nisi volutpat eleifend.',48,2);
INSERT INTO Sponsorship(compensation,companyID,userID) VALUES ('Nam dui.',15,3);
INSERT INTO Sponsorship(compensation,companyID,userID) VALUES ('Vestibulum rutrum rutrum neque. Aenean auctor gravida sem.',4,50);
INSERT INTO Sponsorship(compensation,companyID,userID) VALUES ('In est risus, auctor sed, tristique in, tempus sit amet, sem. Fusce consequat.',46,31);

# UGroups

INSERT INTO UGroups(GroupID,Description) VALUES (1,'Morbi non lectus.');
INSERT INTO UGroups(GroupID,Description) VALUES (2,'Morbi vel lectus in quam fringilla rhoncus.');
INSERT INTO UGroups(GroupID,Description) VALUES (3,'In hac habitasse platea dictumst. Aliquam augue quam, sollicitudin vitae, consectetuer eget, rutrum at, lorem. Integer tincidunt ante vel ipsum.');
INSERT INTO UGroups(GroupID,Description) VALUES (4,'Duis at velit eu est congue elementum. In hac habitasse platea dictumst. Morbi vestibulum, velit id pretium iaculis, diam erat fermentum justo, nec condimentum neque sapien placerat ante.');
INSERT INTO UGroups(GroupID,Description) VALUES (5,'Curabitur in libero ut massa volutpat convallis. Morbi odio odio, elementum eu, interdum eu, tincidunt in, leo. Maecenas pulvinar lobortis est.');
INSERT INTO UGroups(GroupID,Description) VALUES (6,'Phasellus sit amet erat.');
INSERT INTO UGroups(GroupID,Description) VALUES (7,'Suspendisse potenti. Nullam porttitor lacus at turpis. Donec posuere metus vitae ipsum.');
INSERT INTO UGroups(GroupID,Description) VALUES (8,'Integer non velit. Donec diam neque, vestibulum eget, vulputate ut, ultrices vel, augue.');
INSERT INTO UGroups(GroupID,Description) VALUES (9,'Morbi a ipsum.');
INSERT INTO UGroups(GroupID,Description) VALUES (10,'Nunc nisl. Duis bibendum, felis sed interdum venenatis, turpis enim blandit mi, in porttitor pede justo eu massa.');
INSERT INTO UGroups(GroupID,Description) VALUES (11,'Proin eu mi.');
INSERT INTO UGroups(GroupID,Description) VALUES (12,'Donec odio justo, sollicitudin ut, suscipit a, feugiat et, eros.');
INSERT INTO UGroups(GroupID,Description) VALUES (13,'Aliquam erat volutpat. In congue. Etiam justo.');
INSERT INTO UGroups(GroupID,Description) VALUES (14,'Aenean lectus.');
INSERT INTO UGroups(GroupID,Description) VALUES (15,'Quisque ut erat. Curabitur gravida nisi at nibh. In hac habitasse platea dictumst.');
INSERT INTO UGroups(GroupID,Description) VALUES (16,'Cras non velit nec nisi vulputate nonummy. Maecenas tincidunt lacus at velit. Vivamus vel nulla eget eros elementum pellentesque.');
INSERT INTO UGroups(GroupID,Description) VALUES (17,'Vivamus vestibulum sagittis sapien.');
INSERT INTO UGroups(GroupID,Description) VALUES (18,'Proin eu mi.');
INSERT INTO UGroups(GroupID,Description) VALUES (19,'Praesent blandit lacinia erat. Vestibulum sed magna at nunc commodo placerat.');
INSERT INTO UGroups(GroupID,Description) VALUES (20,'Fusce congue, diam id ornare imperdiet, sapien urna pretium nisl, ut volutpat sapien arcu sed augue. Aliquam erat volutpat.');
INSERT INTO UGroups(GroupID,Description) VALUES (21,'Nulla tellus.');
INSERT INTO UGroups(GroupID,Description) VALUES (22,'Sed ante.');
INSERT INTO UGroups(GroupID,Description) VALUES (23,'Vivamus metus arcu, adipiscing molestie, hendrerit at, vulputate vitae, nisl. Aenean lectus.');
INSERT INTO UGroups(GroupID,Description) VALUES (24,'Nam congue, risus semper porta volutpat, quam pede lobortis ligula, sit amet eleifend pede libero quis orci. Nullam molestie nibh in lectus.');
INSERT INTO UGroups(GroupID,Description) VALUES (25,'Morbi non lectus. Aliquam sit amet diam in magna bibendum imperdiet.');
INSERT INTO UGroups(GroupID,Description) VALUES (26,'Nunc nisl. Duis bibendum, felis sed interdum venenatis, turpis enim blandit mi, in porttitor pede justo eu massa. Donec dapibus.');
INSERT INTO UGroups(GroupID,Description) VALUES (27,'Vivamus metus arcu, adipiscing molestie, hendrerit at, vulputate vitae, nisl.');
INSERT INTO UGroups(GroupID,Description) VALUES (28,'Nulla ut erat id mauris vulputate elementum. Nullam varius. Nulla facilisi.');
INSERT INTO UGroups(GroupID,Description) VALUES (29,'Mauris lacinia sapien quis libero. Nullam sit amet turpis elementum ligula vehicula consequat. Morbi a ipsum.');
INSERT INTO UGroups(GroupID,Description) VALUES (30,'Ut tellus. Nulla ut erat id mauris vulputate elementum.');
INSERT INTO UGroups(GroupID,Description) VALUES (31,'Duis at velit eu est congue elementum.');
INSERT INTO UGroups(GroupID,Description) VALUES (32,'Etiam faucibus cursus urna.');
INSERT INTO UGroups(GroupID,Description) VALUES (33,'Donec posuere metus vitae ipsum. Aliquam non mauris. Morbi non lectus.');
INSERT INTO UGroups(GroupID,Description) VALUES (34,'Cras non velit nec nisi vulputate nonummy.');
INSERT INTO UGroups(GroupID,Description) VALUES (35,'Nam congue, risus semper porta volutpat, quam pede lobortis ligula, sit amet eleifend pede libero quis orci. Nullam molestie nibh in lectus.');
INSERT INTO UGroups(GroupID,Description) VALUES (36,'Aliquam erat volutpat. In congue.');
INSERT INTO UGroups(GroupID,Description) VALUES (37,'Vestibulum ante ipsum primis in faucibus orci luctus et ultrices posuere cubilia Curae; Mauris viverra diam vitae quam. Suspendisse potenti.');
INSERT INTO UGroups(GroupID,Description) VALUES (38,'Integer tincidunt ante vel ipsum. Praesent blandit lacinia erat. Vestibulum sed magna at nunc commodo placerat.');
INSERT INTO UGroups(GroupID,Description) VALUES (39,'Aliquam sit amet diam in magna bibendum imperdiet.');
INSERT INTO UGroups(GroupID,Description) VALUES (40,'Aenean fermentum. Donec ut mauris eget massa tempor convallis. Nulla neque libero, convallis eget, eleifend luctus, ultricies eu, nibh.');
INSERT INTO UGroups(GroupID,Description) VALUES (41,'Nulla mollis molestie lorem. Quisque ut erat. Curabitur gravida nisi at nibh.');
INSERT INTO UGroups(GroupID,Description) VALUES (42,'Fusce posuere felis sed lacus.');
INSERT INTO UGroups(GroupID,Description) VALUES (43,'Nam dui. Proin leo odio, porttitor id, consequat in, consequat ut, nulla. Sed accumsan felis.');
INSERT INTO UGroups(GroupID,Description) VALUES (44,'Vestibulum ante ipsum primis in faucibus orci luctus et ultrices posuere cubilia Curae; Duis faucibus accumsan odio. Curabitur convallis.');
INSERT INTO UGroups(GroupID,Description) VALUES (45,'Maecenas tristique, est et tempus semper, est quam pharetra magna, ac consequat metus sapien ut nunc. Vestibulum ante ipsum primis in faucibus orci luctus et ultrices posuere cubilia Curae; Mauris viverra diam vitae quam.');
INSERT INTO UGroups(GroupID,Description) VALUES (46,'Suspendisse potenti. Nullam porttitor lacus at turpis.');
INSERT INTO UGroups(GroupID,Description) VALUES (47,'Cum sociis natoque penatibus et magnis dis parturient montes, nascetur ridiculus mus. Etiam vel augue. Vestibulum rutrum rutrum neque.');
INSERT INTO UGroups(GroupID,Description) VALUES (48,'Praesent id massa id nisl venenatis lacinia.');
INSERT INTO UGroups(GroupID,Description) VALUES (49,'Integer a nibh.');
INSERT INTO UGroups(GroupID,Description) VALUES (50,'Lorem ipsum dolor sit amet, consectetuer adipiscing elit. Proin risus.');

# GroupMemberships

INSERT INTO GroupMemberships(groupID,userID) VALUES (5,21);
INSERT INTO GroupMemberships(groupID,userID) VALUES (12,6);
INSERT INTO GroupMemberships(groupID,userID) VALUES (23,43);
INSERT INTO GroupMemberships(groupID,userID) VALUES (27,41);
INSERT INTO GroupMemberships(groupID,userID) VALUES (5,1);
INSERT INTO GroupMemberships(groupID,userID) VALUES (32,28);
INSERT INTO GroupMemberships(groupID,userID) VALUES (3,18);
INSERT INTO GroupMemberships(groupID,userID) VALUES (48,25);
INSERT INTO GroupMemberships(groupID,userID) VALUES (30,37);
INSERT INTO GroupMemberships(groupID,userID) VALUES (10,46);
INSERT INTO GroupMemberships(groupID,userID) VALUES (17,8);
INSERT INTO GroupMemberships(groupID,userID) VALUES (35,31);
INSERT INTO GroupMemberships(groupID,userID) VALUES (5,34);
INSERT INTO GroupMemberships(groupID,userID) VALUES (40,37);
INSERT INTO GroupMemberships(groupID,userID) VALUES (48,9);
INSERT INTO GroupMemberships(groupID,userID) VALUES (10,44);
INSERT INTO GroupMemberships(groupID,userID) VALUES (20,20);
INSERT INTO GroupMemberships(groupID,userID) VALUES (8,10);
INSERT INTO GroupMemberships(groupID,userID) VALUES (14,3);
INSERT INTO GroupMemberships(groupID,userID) VALUES (40,45);
INSERT INTO GroupMemberships(groupID,userID) VALUES (34,20);
INSERT INTO GroupMemberships(groupID,userID) VALUES (28,21);
INSERT INTO GroupMemberships(groupID,userID) VALUES (34,42);
INSERT INTO GroupMemberships(groupID,userID) VALUES (39,34);
INSERT INTO GroupMemberships(groupID,userID) VALUES (19,14);
INSERT INTO GroupMemberships(groupID,userID) VALUES (26,7);
INSERT INTO GroupMemberships(groupID,userID) VALUES (11,31);
INSERT INTO GroupMemberships(groupID,userID) VALUES (47,44);
INSERT INTO GroupMemberships(groupID,userID) VALUES (1,19);
INSERT INTO GroupMemberships(groupID,userID) VALUES (48,45);
INSERT INTO GroupMemberships(groupID,userID) VALUES (7,23);
INSERT INTO GroupMemberships(groupID,userID) VALUES (48,3);
INSERT INTO GroupMemberships(groupID,userID) VALUES (6,11);
INSERT INTO GroupMemberships(groupID,userID) VALUES (5,3);
INSERT INTO GroupMemberships(groupID,userID) VALUES (1,33);
INSERT INTO GroupMemberships(groupID,userID) VALUES (38,32);
INSERT INTO GroupMemberships(groupID,userID) VALUES (15,16);
INSERT INTO GroupMemberships(groupID,userID) VALUES (8,26);
INSERT INTO GroupMemberships(groupID,userID) VALUES (19,28);
INSERT INTO GroupMemberships(groupID,userID) VALUES (24,29);
INSERT INTO GroupMemberships(groupID,userID) VALUES (21,1);
INSERT INTO GroupMemberships(groupID,userID) VALUES (43,30);
INSERT INTO GroupMemberships(groupID,userID) VALUES (13,50);
INSERT INTO GroupMemberships(groupID,userID) VALUES (3,45);
INSERT INTO GroupMemberships(groupID,userID) VALUES (1,42);
INSERT INTO GroupMemberships(groupID,userID) VALUES (11,17);
INSERT INTO GroupMemberships(groupID,userID) VALUES (18,4);
INSERT INTO GroupMemberships(groupID,userID) VALUES (35,27);

# GroupPosts

INSERT INTO GroupPosts(groupID,postID) VALUES (45,8);
INSERT INTO GroupPosts(groupID,postID) VALUES (4,31);
INSERT INTO GroupPosts(groupID,postID) VALUES (9,47);
INSERT INTO GroupPosts(groupID,postID) VALUES (1,14);
INSERT INTO GroupPosts(groupID,postID) VALUES (40,6);
INSERT INTO GroupPosts(groupID,postID) VALUES (38,8);
INSERT INTO GroupPosts(groupID,postID) VALUES (34,18);
INSERT INTO GroupPosts(groupID,postID) VALUES (13,38);
INSERT INTO GroupPosts(groupID,postID) VALUES (46,36);
INSERT INTO GroupPosts(groupID,postID) VALUES (8,7);
INSERT INTO GroupPosts(groupID,postID) VALUES (22,18);
INSERT INTO GroupPosts(groupID,postID) VALUES (12,19);
INSERT INTO GroupPosts(groupID,postID) VALUES (40,33);
INSERT INTO GroupPosts(groupID,postID) VALUES (16,10);
INSERT INTO GroupPosts(groupID,postID) VALUES (37,20);
INSERT INTO GroupPosts(groupID,postID) VALUES (3,11);
INSERT INTO GroupPosts(groupID,postID) VALUES (30,37);
INSERT INTO GroupPosts(groupID,postID) VALUES (48,10);
INSERT INTO GroupPosts(groupID,postID) VALUES (23,22);
INSERT INTO GroupPosts(groupID,postID) VALUES (45,37);
INSERT INTO GroupPosts(groupID,postID) VALUES (2,45);
INSERT INTO GroupPosts(groupID,postID) VALUES (8,16);
INSERT INTO GroupPosts(groupID,postID) VALUES (16,47);
INSERT INTO GroupPosts(groupID,postID) VALUES (28,25);
INSERT INTO GroupPosts(groupID,postID) VALUES (31,9);
INSERT INTO GroupPosts(groupID,postID) VALUES (34,50);
INSERT INTO GroupPosts(groupID,postID) VALUES (48,16);
INSERT INTO GroupPosts(groupID,postID) VALUES (18,48);
INSERT INTO GroupPosts(groupID,postID) VALUES (17,16);
INSERT INTO GroupPosts(groupID,postID) VALUES (1,31);
INSERT INTO GroupPosts(groupID,postID) VALUES (48,37);
INSERT INTO GroupPosts(groupID,postID) VALUES (38,23);
INSERT INTO GroupPosts(groupID,postID) VALUES (8,45);
INSERT INTO GroupPosts(groupID,postID) VALUES (43,47);
INSERT INTO GroupPosts(groupID,postID) VALUES (12,27);
INSERT INTO GroupPosts(groupID,postID) VALUES (4,1);
INSERT INTO GroupPosts(groupID,postID) VALUES (41,27);
INSERT INTO GroupPosts(groupID,postID) VALUES (19,50);
INSERT INTO GroupPosts(groupID,postID) VALUES (31,36);
INSERT INTO GroupPosts(groupID,postID) VALUES (20,8);
INSERT INTO GroupPosts(groupID,postID) VALUES (3,14);
INSERT INTO GroupPosts(groupID,postID) VALUES (36,11);
INSERT INTO GroupPosts(groupID,postID) VALUES (29,25);
INSERT INTO GroupPosts(groupID,postID) VALUES (17,15);
INSERT INTO GroupPosts(groupID,postID) VALUES (15,29);
INSERT INTO GroupPosts(groupID,postID) VALUES (28,13);
INSERT INTO GroupPosts(groupID,postID) VALUES (13,37);
INSERT INTO GroupPosts(groupID,postID) VALUES (6,17);
INSERT INTO GroupPosts(groupID,postID) VALUES (23,23);
INSERT INTO GroupPosts(groupID,postID) VALUES (40,1);